[{"__type__":"cc.SpriteFrame","content":{"name":"fmvp","texture":"20/1mK0LBNl5LyTiuixcNV","rect":[5,0,151,393],"offset":[2,3.5],"originalSize":[157,400],"capInsets":[0,0,0,0]}},{"__type__":"cc.AudioClip","_name":"count_down_tone","_native":".mp3"},{"__type__":"cc.SpriteFrame","content":{"name":"sound-normal","texture":"caabNamEFA37gV3oRXbMWO","rect":[0,0,160,160],"offset":[0,0],"originalSize":[160,160],"capInsets":[0,0,0,0]}},{"__type__":"cc.AudioClip","_name":"alert","_native":".mp3"},{"__type__":"cc.AudioClip","_name":"release","_native":".mp3"},{"__type__":"cc.SpriteFrame","content":{"name":"default_btn_disabled","texture":"71VhFCTINJM6/Ky3oX9nBT","rect":[0,0,40,40],"offset":[0,0],"originalSize":[40,40],"capInsets":[12,12,12,12]}},[{"__type__":"cc.Prefab","_name":"num-square","data":{"__id__":1}},{"__type__":"cc.Node","_name":"num-square","_children":[{"__id__":2},{"__id__":3}],"_components":[{"__type__":"cc.Sprite","node":{"__id__":1},"_materials":[{"__uuid__":"ecpdLyjvZBwrvm+cedCcQy"}],"_spriteFrame":{"__uuid__":"a2MjXRFdtLlYQ5ouAFv/+R"},"_sizeMode":0}],"_prefab":{"__type__":"cc.PrefabInfo","root":{"__id__":1},"asset":{"__uuid__":"29qTDqluRHaadGO0hEh03U"},"fileId":"09FcvMXxdARKvSMiL1xpJl"},"_color":{"__type__":"cc.Color"},"_contentSize":{"__type__":"cc.Size","width":100,"height":100},"_trs":{"__type__":"TypedArray","ctor":"Float64Array","array":[0,0,0,0,0,0,1,1,1,1]}},{"__type__":"cc.Node","_name":"bg","_parent":{"__id__":1},"_components":[{"__type__":"cc.Sprite","node":{"__id__":2},"_materials":[{"__uuid__":"ecpdLyjvZBwrvm+cedCcQy"}],"_spriteFrame":{"__uuid__":"a2MjXRFdtLlYQ5ouAFv/+R"},"_sizeMode":0},{"__type__":"cc.Widget","node":{"__id__":2},"_alignFlags":45,"_left":3,"_right":3,"_top":3,"_bottom":3,"_originalWidth":100,"_originalHeight":100}],"_prefab":{"__type__":"cc.PrefabInfo","root":{"__id__":1},"asset":{"__uuid__":"29qTDqluRHaadGO0hEh03U"},"fileId":"b7E77l18dFjIlSFY/404Lo"},"_color":{"__type__":"cc.Color","r":185,"g":89,"b":21},"_contentSize":{"__type__":"cc.Size","width":94,"height":94},"_trs":{"__type__":"TypedArray","ctor":"Float64Array","array":[0,0,0,0,0,0,1,1,1,1]}},{"__type__":"cc.Node","_name":"op-label","_parent":{"__id__":1},"_components":[{"__type__":"cc.Label","node":{"__id__":3},"_materials":[{"__uuid__":"ecpdLyjvZBwrvm+cedCcQy"}],"_useOriginalSize":false,"_string":"x 100","_N$string":"x 100","_fontSize":35,"_lineHeight":35,"_N$horizontalAlign":1,"_N$verticalAlign":1,"_N$overflow":2},{"__type__":"cc.Widget","node":{"__id__":3},"_alignFlags":18}],"_prefab":{"__type__":"cc.PrefabInfo","root":{"__id__":1},"asset":{"__uuid__":"29qTDqluRHaadGO0hEh03U"},"fileId":"209Ucf1HhJGYygRT66p6Zp"},"_color":{"__type__":"cc.Color"},"_contentSize":{"__type__":"cc.Size","width":90,"height":90},"_trs":{"__type__":"TypedArray","ctor":"Float64Array","array":[0,0,0,0,0,0,1,1,1,1]}}],{"__type__":"cc.SpriteFrame","content":{"name":"trophy","texture":"d7VE1tcnVEIba19ZlpfXdC","rect":[3,1,162,312],"offset":[-9,-0.5],"originalSize":[186,313],"capInsets":[0,0,0,0]}},{"__type__":"cc.SpriteFrame","content":{"name":"lebron","texture":"18GhfcVupMjo7M6Nbpi2gs","rect":[21,84,108,32],"offset":[0,0],"originalSize":[150,200],"capInsets":[0,0,0,0]}},{"__type__":"cc.AnimationClip","_name":"change-discard-num","_duration":0.6666666666666666,"curveData":{"props":{"scale":[{"frame":0,"value":{"__type__":"cc.Vec2","x":1,"y":1}},{"frame":0.3333333333333333,"value":{"__type__":"cc.Vec2","x":1.2,"y":1.2}},{"frame":0.6666666666666666,"value":{"__type__":"cc.Vec2","x":1,"y":1}}],"color":[{"frame":0,"value":{"__type__":"cc.Color","r":239,"g":250,"b":204}},{"frame":0.3333333333333333,"value":{"__type__":"cc.Color","r":85,"g":37,"b":131}},{"frame":0.6666666666666666,"value":{"__type__":"cc.Color","r":253,"g":185,"b":39}}]}}},{"__type__":"cc.AudioClip","_name":"click","_native":".mp3"},{"__type__":"cc.SpriteFrame","content":{"name":"smvp","texture":"79H8FPCe1N5blJn1tvWpQB","rect":[22,3,161,393],"offset":[1,0.5],"originalSize":[203,400],"capInsets":[0,0,0,0]}},{"__type__":"cc.AnimationClip","_name":"tips-emphasize","_duration":0.8333333333333334,"curveData":{"props":{"scale":[{"frame":0,"value":{"__type__":"cc.Vec2","x":1,"y":1},"curve":[0.3,0.3,0.0994252873563219,1.1224137931034481]},{"frame":0.5,"value":{"__type__":"cc.Vec2","x":1.3,"y":1.3}},{"frame":0.8333333333333334,"value":{"__type__":"cc.Vec2","x":1.3,"y":1.3}}],"color":[{"frame":0,"value":{"__type__":"cc.Color","r":253,"g":185,"b":39}},{"frame":0.5,"value":{"__type__":"cc.Color","r":158,"g":158,"b":158}},{"frame":0.8333333333333334,"value":{"__type__":"cc.Color"}}]}}},{"__type__":"cc.SpriteFrame","content":{"name":"dunk","texture":"57/6KLNBJNML3A9GJ0lvp9","rect":[6,3,267,394],"offset":[-7,0],"originalSize":[293,400],"capInsets":[0,0,0,0]}},{"__type__":"cc.AudioClip","_name":"score","_native":".mp3"},{"__type__":"cc.SpriteFrame","content":{"name":"oscar","texture":"78XiV1SSdP0JkP9TxAs2sg","rect":[5,9,147,387],"offset":[0.5,-2.5],"originalSize":[156,400],"capInsets":[0,0,0,0]}},{"__type__":"cc.SpriteFrame","content":{"name":"default_sprite_splash","texture":"02delMVqdBD70a/HSD99FK","rect":[0,0,2,2],"offset":[0,0],"originalSize":[2,2],"capInsets":[0,0,0,0]}},{"__type__":"cc.SpriteFrame","content":{"name":"blackmamba","texture":"511dDWvJBC+rh8AyROB772","rect":[0,0,168,200],"offset":[0,0],"originalSize":[168,200],"capInsets":[0,0,0,0]}},{"__type__":"cc.SpriteFrame","content":{"name":"airjordan","texture":"13XdTJDtpD8ZkOWF620z2r","rect":[8,25,160,150],"offset":[0.5,0],"originalSize":[175,200],"capInsets":[0,0,0,0]}},{"__type__":"cc.TTFFont","_name":"Segment7-4Gml","_native":"Segment7-4Gml.ttf"},{"__type__":"cc.SpriteFrame","content":{"name":"amvp","texture":"3bgkuhFONHH5Xz+crJt5Oe","rect":[0,0,328,400],"offset":[0,0],"originalSize":[328,400],"capInsets":[0,0,0,0]}},{"__type__":"cc.AudioClip","_name":"offensive","_native":".mp3"},{"__type__":"cc.AudioClip","_name":"timeout","_native":".mp3"},[{"__type__":"cc.SceneAsset","_name":"main","scene":{"__id__":1},"asyncLoadAssets":{}},{"__type__":"cc.Scene","_name":"New Node","_children":[{"__id__":2}],"_active":false,"_anchorPoint":{"__type__":"cc.Vec2"},"_trs":{"__type__":"TypedArray","ctor":"Float64Array","array":[0,0,0,0,0,0,1,1,1,1]},"autoReleaseAssets":false},{"__type__":"cc.Node","_name":"Canvas","_parent":{"__id__":1},"_children":[{"__id__":3},{"__id__":4},{"__id__":5}],"_components":[{"__type__":"cc.Canvas","node":{"__id__":2}},{"__type__":"a4b4b8M9EdHf6JpipdFeT8k","node":{"__id__":2},"leftNumLabel":{"__id__":9},"leftNode":{"__id__":6},"leftBlackMambaPic":{"__id__":7},"rightNumLabel":{"__id__":13},"rightNode":{"__id__":10},"rightBlackMambaPic":{"__id__":11},"nextOpNode":{"__id__":22},"remainLabel":{"__id__":21},"giveUpLabel":{"__id__":36},"countdownLabel":{"__id__":26},"middle":{"__id__":16},"operator":{"__uuid__":"29qTDqluRHaadGO0hEh03U"},"restartBtn":{"__id__":41},"soundBtn":{"__id__":48},"resultLabel":{"__id__":45},"topBorder":{"__id__":17},"discardArea":{"__id__":33},"storeArea":{"__id__":27},"storeOpNode":{"__id__":30},"blackmamba":{"__uuid__":"a31XjpXmdI6Zwh7TNsVILs"},"trophy":{"__uuid__":"4dByq4ZtBKIZFxLGCgRN7Z"},"dunk":{"__uuid__":"93NlrcecREdrK5SWy2KKLu"},"fmvp":{"__uuid__":"04NGlHtRdKOr9mi+8xf6Nf"},"amvp":{"__uuid__":"b8FxjwQU5KTrlDT64mSSE5"},"smvp":{"__uuid__":"86ctfb9KtGr7/V6An2JE22"},"oscar":{"__uuid__":"97hbF8nalFuI8P71vznThE"},"jordan":{"__uuid__":"ab357BA29G4a9sqtO0DzDe"},"lebron":{"__uuid__":"54voSjAAFFhKwGTI+omq5S"},"timeoutSE":{"__uuid__":"cdijkAcH9FMKAIcjmG25UH"},"clickSE":{"__uuid__":"6c6GaIMvtDW5/xpieulcUJ"},"releaseSE":{"__uuid__":"12mKwoc7tOYpgB7bTMQKeh"},"cheerSE":{"__uuid__":"e1ICNiMOhLN4YsO+aUiKSW"},"offensiveSE":{"__uuid__":"c3BLMB9L1M1pYF0hoCmxoL"},"countdownToneSE":{"__uuid__":"06M2+wGl9AW4Q0LQwZKLIF"},"scoreSE":{"__uuid__":"94UonnhUtOQ4xsZopsAYbq"},"alertSE":{"__uuid__":"11sglmjBBCCruEOzMSo6UN"},"giveupTimes":6,"interval":1.9,"speed":3.5,"limitTime":48,"addMin":1,"addMax":10,"mulMin":2,"mulMax":3}],"_contentSize":{"__type__":"cc.Size","width":960,"height":640},"_trs":{"__type__":"TypedArray","ctor":"Float64Array","array":[480,320,0,0,0,0,1,1,1,1]},"_id":"e4horu6i5KXZd11BX8C6yh"},{"__type__":"cc.Node","_name":"bg","_parent":{"__id__":2},"_components":[{"__type__":"cc.Sprite","node":{"__id__":3},"_materials":[{"__uuid__":"ecpdLyjvZBwrvm+cedCcQy"}],"_spriteFrame":{"__uuid__":"a2MjXRFdtLlYQ5ouAFv/+R"},"_sizeMode":0},{"__type__":"cc.Widget","node":{"__id__":3},"_alignFlags":45,"_originalWidth":100,"_originalHeight":100}],"_color":{"__type__":"cc.Color"},"_contentSize":{"__type__":"cc.Size","width":960,"height":640},"_trs":{"__type__":"TypedArray","ctor":"Float64Array","array":[0,0,0,0,0,0,1,1,1,1]}},{"__type__":"cc.Node","_name":"Main Camera","_parent":{"__id__":2},"_components":[{"__type__":"cc.Camera","node":{"__id__":4},"_clearFlags":7,"_depth":-1}],"_trs":{"__type__":"TypedArray","ctor":"Float64Array","array":[0,0,360.2665679743265,0,0,0,1,1,1,1]}},{"__type__":"cc.Node","_name":"container","_parent":{"__id__":2},"_children":[{"__id__":6},{"__id__":10},{"__id__":14},{"__id__":15},{"__id__":16},{"__id__":41},{"__id__":46},{"__id__":48}],"_components":[{"__type__":"cc.Widget","node":{"__id__":5},"_alignFlags":45,"_left":3,"_right":3,"_top":3,"_bottom":3}],"_contentSize":{"__type__":"cc.Size","width":954,"height":634},"_trs":{"__type__":"TypedArray","ctor":"Float64Array","array":[0,0,0,0,0,0,1,1,1,1]}},{"__type__":"cc.Node","_name":"left","_parent":{"__id__":5},"_children":[{"__id__":7},{"__id__":8}],"_components":[{"__type__":"cc.Sprite","node":{"__id__":6},"_materials":[{"__uuid__":"ecpdLyjvZBwrvm+cedCcQy"}],"_spriteFrame":{"__uuid__":"a2MjXRFdtLlYQ5ouAFv/+R"},"_sizeMode":0},{"__type__":"cc.Widget","node":{"__id__":6},"_alignFlags":13,"_right":280,"_originalWidth":100,"_originalHeight":100}],"_color":{"__type__":"cc.Color","r":253,"g":185,"b":39},"_contentSize":{"__type__":"cc.Size","width":400,"height":634},"_anchorPoint":{"__type__":"cc.Vec2","y":0.5},"_trs":{"__type__":"TypedArray","ctor":"Float64Array","array":[-477,0,0,0,0,0,1,1,1,1]}},{"__type__":"cc.Node","_name":"blackmamba","_parent":{"__id__":6},"_active":false,"_components":[{"__type__":"cc.Sprite","node":{"__id__":7},"_materials":[{"__uuid__":"ecpdLyjvZBwrvm+cedCcQy"}],"_spriteFrame":{"__uuid__":"a31XjpXmdI6Zwh7TNsVILs"}},{"__type__":"cc.Widget","node":{"__id__":7},"_alignFlags":18,"_left":35.816,"_top":170.63400000000001},{"__type__":"cc.Animation","node":{"__id__":7},"_defaultClip":{"__uuid__":"eblUoL/sxNY6LUle5UQBEq"},"_clips":[{"__uuid__":"eblUoL/sxNY6LUle5UQBEq"}]}],"_contentSize":{"__type__":"cc.Size","width":168,"height":200},"_trs":{"__type__":"TypedArray","ctor":"Float64Array","array":[200,0,0,0,0,0,1,2,2,1]}},{"__type__":"cc.Node","_name":"num","_parent":{"__id__":6},"_components":[{"__id__":9},{"__type__":"cc.Widget","node":{"__id__":8},"_alignFlags":18,"_left":110,"_right":110,"_originalWidth":180},{"__type__":"cc.LabelOutline","node":{"__id__":8},"_color":{"__type__":"cc.Color","r":85,"g":37,"b":131},"_width":4}],"_contentSize":{"__type__":"cc.Size","width":300,"height":300},"_trs":{"__type__":"TypedArray","ctor":"Float64Array","array":[200,0,0,0,0,0,1,1,1,1]}},{"__type__":"cc.Label","node":{"__id__":8},"_materials":[{"__uuid__":"ecpdLyjvZBwrvm+cedCcQy"}],"_useOriginalSize":false,"_string":"8","_N$string":"8","_fontSize":100,"_lineHeight":100,"_N$horizontalAlign":1,"_N$verticalAlign":1,"_N$overflow":2},{"__type__":"cc.Node","_name":"right","_parent":{"__id__":5},"_children":[{"__id__":11},{"__id__":12}],"_components":[{"__type__":"cc.Sprite","node":{"__id__":10},"_materials":[{"__uuid__":"ecpdLyjvZBwrvm+cedCcQy"}],"_spriteFrame":{"__uuid__":"a2MjXRFdtLlYQ5ouAFv/+R"},"_sizeMode":0},{"__type__":"cc.Widget","node":{"__id__":10},"_alignFlags":37,"_originalHeight":100}],"_color":{"__type__":"cc.Color","r":85,"g":37,"b":131},"_contentSize":{"__type__":"cc.Size","width":400,"height":634},"_anchorPoint":{"__type__":"cc.Vec2","x":1,"y":0.5},"_trs":{"__type__":"TypedArray","ctor":"Float64Array","array":[477,0,0,0,0,0,1,1,1,1]}},{"__type__":"cc.Node","_name":"blackmamba","_parent":{"__id__":10},"_active":false,"_components":[{"__type__":"cc.Sprite","node":{"__id__":11},"_materials":[{"__uuid__":"ecpdLyjvZBwrvm+cedCcQy"}],"_spriteFrame":{"__uuid__":"a31XjpXmdI6Zwh7TNsVILs"}},{"__type__":"cc.Widget","node":{"__id__":11},"_alignFlags":18,"_left":35.816,"_top":170.63400000000001},{"__type__":"cc.Animation","node":{"__id__":11},"_clips":[{"__uuid__":"eblUoL/sxNY6LUle5UQBEq"}]}],"_contentSize":{"__type__":"cc.Size","width":168,"height":200},"_trs":{"__type__":"TypedArray","ctor":"Float64Array","array":[-200,0,0,0,0,0,1,2,2,1]}},{"__type__":"cc.Node","_name":"num","_parent":{"__id__":10},"_components":[{"__id__":13},{"__type__":"cc.Widget","node":{"__id__":12},"_alignFlags":18,"_left":110,"_right":110,"_originalWidth":180},{"__type__":"cc.LabelOutline","node":{"__id__":12},"_color":{"__type__":"cc.Color","r":253,"g":185,"b":39},"_width":4}],"_contentSize":{"__type__":"cc.Size","width":300,"height":300},"_trs":{"__type__":"TypedArray","ctor":"Float64Array","array":[-200,0,0,0,0,0,1,1,1,1]}},{"__type__":"cc.Label","node":{"__id__":12},"_materials":[{"__uuid__":"ecpdLyjvZBwrvm+cedCcQy"}],"_useOriginalSize":false,"_string":"24","_N$string":"24","_fontSize":100,"_lineHeight":100,"_N$horizontalAlign":1,"_N$verticalAlign":1,"_N$overflow":2},{"__type__":"cc.Node","_name":"border-left","_parent":{"__id__":5},"_components":[{"__type__":"cc.Sprite","node":{"__id__":14},"_materials":[{"__uuid__":"ecpdLyjvZBwrvm+cedCcQy"}],"_spriteFrame":{"__uuid__":"a2MjXRFdtLlYQ5ouAFv/+R"},"_sizeMode":0},{"__type__":"cc.Widget","node":{"__id__":14},"_alignFlags":13,"_left":400,"_originalHeight":100}],"_color":{"__type__":"cc.Color","r":85,"g":37,"b":131},"_contentSize":{"__type__":"cc.Size","width":5,"height":634},"_trs":{"__type__":"TypedArray","ctor":"Float64Array","array":[-74.5,0,0,0,0,0,1,1,1,1]}},{"__type__":"cc.Node","_name":"border-right","_parent":{"__id__":5},"_components":[{"__type__":"cc.Sprite","node":{"__id__":15},"_materials":[{"__uuid__":"ecpdLyjvZBwrvm+cedCcQy"}],"_spriteFrame":{"__uuid__":"a2MjXRFdtLlYQ5ouAFv/+R"},"_sizeMode":0},{"__type__":"cc.Widget","node":{"__id__":15},"_alignFlags":37,"_left":400,"_right":400,"_originalHeight":100}],"_color":{"__type__":"cc.Color","r":253,"g":185,"b":39},"_contentSize":{"__type__":"cc.Size","width":5,"height":634},"_trs":{"__type__":"TypedArray","ctor":"Float64Array","array":[74.5,0,0,0,0,0,1,1,1,1]}},{"__type__":"cc.Node","_name":"middle","_parent":{"__id__":5},"_children":[{"__id__":17},{"__id__":27},{"__id__":33},{"__id__":37},{"__id__":38},{"__id__":39},{"__id__":40}],"_components":[{"__type__":"cc.Sprite","node":{"__id__":16},"_materials":[{"__uuid__":"ecpdLyjvZBwrvm+cedCcQy"}],"_spriteFrame":{"__uuid__":"a2MjXRFdtLlYQ5ouAFv/+R"},"_sizeMode":0},{"__type__":"cc.Widget","node":{"__id__":16},"_alignFlags":45,"_left":405,"_right":405,"_originalWidth":100,"_originalHeight":100}],"_color":{"__type__":"cc.Color","r":246,"g":206,"b":163},"_contentSize":{"__type__":"cc.Size","width":144,"height":634},"_trs":{"__type__":"TypedArray","ctor":"Float64Array","array":[0,0,0,0,0,0,1,1,1,1]}},{"__type__":"cc.Node","_name":"top-border","_parent":{"__id__":16},"_children":[{"__id__":18},{"__id__":19},{"__id__":20},{"__id__":22},{"__id__":25}],"_components":[{"__type__":"cc.Sprite","node":{"__id__":17},"_materials":[{"__uuid__":"ecpdLyjvZBwrvm+cedCcQy"}],"_spriteFrame":{"__uuid__":"a2MjXRFdtLlYQ5ouAFv/+R"},"_sizeMode":0},{"__type__":"cc.Widget","node":{"__id__":17},"_alignFlags":41,"_originalWidth":100}],"_color":{"__type__":"cc.Color","r":23,"g":64,"b":139},"_contentSize":{"__type__":"cc.Size","width":144,"height":120},"_anchorPoint":{"__type__":"cc.Vec2","x":0.5,"y":1},"_trs":{"__type__":"TypedArray","ctor":"Float64Array","array":[0,317,0,0,0,0,1,1,1,1]}},{"__type__":"cc.Node","_name":"next-title","_parent":{"__id__":17},"_components":[{"__type__":"cc.Label","node":{"__id__":18},"_materials":[{"__uuid__":"ecpdLyjvZBwrvm+cedCcQy"}],"_useOriginalSize":false,"_string":"Next:","_N$string":"Next:","_fontSize":25,"_lineHeight":25,"_N$horizontalAlign":1,"_N$verticalAlign":1}],"_color":{"__type__":"cc.Color","r":253,"g":185,"b":39},"_contentSize":{"__type__":"cc.Size","width":58.35,"height":31.5},"_anchorPoint":{"__type__":"cc.Vec2","y":0.5},"_trs":{"__type__":"TypedArray","ctor":"Float64Array","array":[-65,-31.205,0,0,0,0,1,1,1,1]}},{"__type__":"cc.Node","_name":"remain-title","_parent":{"__id__":17},"_active":false,"_components":[{"__type__":"cc.Label","node":{"__id__":19},"_materials":[{"__uuid__":"ecpdLyjvZBwrvm+cedCcQy"}],"_useOriginalSize":false,"_string":"Remain:","_N$string":"Remain:","_fontSize":15,"_lineHeight":15,"_N$horizontalAlign":1,"_N$verticalAlign":1,"_N$overflow":2}],"_color":{"__type__":"cc.Color","r":42,"g":169,"b":193},"_contentSize":{"__type__":"cc.Size","width":80,"height":31.5},"_anchorPoint":{"__type__":"cc.Vec2","y":0.5},"_trs":{"__type__":"TypedArray","ctor":"Float64Array","array":[-77.749,-84.359,0,0,0,0,1,1,1,1]}},{"__type__":"cc.Node","_name":"remain-label","_parent":{"__id__":17},"_active":false,"_components":[{"__id__":21}],"_color":{"__type__":"cc.Color","r":239,"g":250,"b":204},"_contentSize":{"__type__":"cc.Size","width":40,"height":30},"_anchorPoint":{"__type__":"cc.Vec2","y":0.5},"_trs":{"__type__":"TypedArray","ctor":"Float64Array","array":[-6.661,-85.993,0,0,0,0,1,1,1,1]}},{"__type__":"cc.Label","node":{"__id__":20},"_materials":[{"__uuid__":"ecpdLyjvZBwrvm+cedCcQy"}],"_useOriginalSize":false,"_string":"12","_N$string":"12","_fontSize":15,"_lineHeight":15,"_N$verticalAlign":1,"_N$overflow":2},{"__type__":"cc.Node","_name":"op-node","_parent":{"__id__":17},"_children":[{"__id__":23},{"__id__":24}],"_active":false,"_components":[{"__type__":"cc.Sprite","node":{"__id__":22},"_materials":[{"__uuid__":"ecpdLyjvZBwrvm+cedCcQy"}],"_spriteFrame":{"__uuid__":"a2MjXRFdtLlYQ5ouAFv/+R"},"_sizeMode":0}],"_prefab":{"__type__":"cc.PrefabInfo","root":{"__id__":22},"asset":{"__uuid__":"29qTDqluRHaadGO0hEh03U"},"fileId":"09FcvMXxdARKvSMiL1xpJl"},"_color":{"__type__":"cc.Color"},"_contentSize":{"__type__":"cc.Size","width":100,"height":100},"_trs":{"__type__":"TypedArray","ctor":"Float64Array","array":[31,-33,0,0,0,0,1,0.35,0.35,0.35]}},{"__type__":"cc.Node","_name":"bg","_parent":{"__id__":22},"_components":[{"__type__":"cc.Sprite","node":{"__id__":23},"_materials":[{"__uuid__":"ecpdLyjvZBwrvm+cedCcQy"}],"_spriteFrame":{"__uuid__":"a2MjXRFdtLlYQ5ouAFv/+R"},"_sizeMode":0},{"__type__":"cc.Widget","node":{"__id__":23},"_alignFlags":45,"_left":3,"_right":3,"_top":3,"_bottom":3,"_originalWidth":100,"_originalHeight":100}],"_prefab":{"__type__":"cc.PrefabInfo","root":{"__id__":22},"asset":{"__uuid__":"29qTDqluRHaadGO0hEh03U"},"fileId":"b7E77l18dFjIlSFY/404Lo"},"_color":{"__type__":"cc.Color","r":185,"g":89,"b":21},"_contentSize":{"__type__":"cc.Size","width":94,"height":94},"_trs":{"__type__":"TypedArray","ctor":"Float64Array","array":[0,0,0,0,0,0,1,1,1,1]}},{"__type__":"cc.Node","_name":"op-label","_parent":{"__id__":22},"_components":[{"__type__":"cc.Label","node":{"__id__":24},"_materials":[{"__uuid__":"ecpdLyjvZBwrvm+cedCcQy"}],"_useOriginalSize":false,"_string":"x 100","_N$string":"x 100","_fontSize":35,"_lineHeight":35,"_N$horizontalAlign":1,"_N$verticalAlign":1,"_N$overflow":2},{"__type__":"cc.Widget","node":{"__id__":24},"_alignFlags":18}],"_prefab":{"__type__":"cc.PrefabInfo","root":{"__id__":22},"asset":{"__uuid__":"29qTDqluRHaadGO0hEh03U"},"fileId":"209Ucf1HhJGYygRT66p6Zp"},"_color":{"__type__":"cc.Color"},"_contentSize":{"__type__":"cc.Size","width":90,"height":90},"_trs":{"__type__":"TypedArray","ctor":"Float64Array","array":[0,0,0,0,0,0,1,1,1,1]}},{"__type__":"cc.Node","_name":"countdown-label","_parent":{"__id__":17},"_components":[{"__id__":26},{"__type__":"cc.Widget","node":{"__id__":25},"_alignFlags":20,"_bottom":12.5}],"_color":{"__type__":"cc.Color","r":226,"g":121,"b":104},"_contentSize":{"__type__":"cc.Size","width":100,"height":45},"_trs":{"__type__":"TypedArray","ctor":"Float64Array","array":[0,-85,0,0,0,0,1,1,1,1]}},{"__type__":"cc.Label","node":{"__id__":25},"_materials":[{"__uuid__":"ecpdLyjvZBwrvm+cedCcQy"}],"_useOriginalSize":false,"_string":"24","_N$string":"24","_fontSize":45,"_lineHeight":45,"_N$file":{"__uuid__":"acMAoWsIdOXLkQHpPXIaUA"},"_isSystemFontUsed":false,"_N$horizontalAlign":1,"_N$verticalAlign":1,"_N$overflow":2},{"__type__":"cc.Node","_name":"store-area","_parent":{"__id__":16},"_children":[{"__id__":28},{"__id__":29},{"__id__":30}],"_components":[{"__type__":"cc.Sprite","node":{"__id__":27},"_materials":[{"__uuid__":"ecpdLyjvZBwrvm+cedCcQy"}],"_spriteFrame":{"__uuid__":"a2MjXRFdtLlYQ5ouAFv/+R"},"_sizeMode":0},{"__type__":"cc.Widget","node":{"__id__":27},"_alignFlags":41,"_top":120,"_bottom":461.327,"_originalWidth":100}],"_color":{"__type__":"cc.Color","r":201,"g":8,"b":42},"_contentSize":{"__type__":"cc.Size","width":144,"height":70},"_anchorPoint":{"__type__":"cc.Vec2","x":0.5,"y":1},"_trs":{"__type__":"TypedArray","ctor":"Float64Array","array":[0,197,0,0,0,0,1,1,1,1]}},{"__type__":"cc.Node","_name":"bg","_parent":{"__id__":27},"_active":false,"_components":[{"__type__":"cc.Sprite","node":{"__id__":28},"_materials":[{"__uuid__":"ecpdLyjvZBwrvm+cedCcQy"}],"_spriteFrame":{"__uuid__":"a2MjXRFdtLlYQ5ouAFv/+R"},"_sizeMode":0},{"__type__":"cc.Widget","node":{"__id__":28},"_alignFlags":45,"_originalWidth":100,"_originalHeight":100}],"_color":{"__type__":"cc.Color","r":250,"g":83,"b":112},"_contentSize":{"__type__":"cc.Size","width":150,"height":60},"_trs":{"__type__":"TypedArray","ctor":"Float64Array","array":[0,-30,0,0,0,0,1,1,1,1]}},{"__type__":"cc.Node","_name":"drop-label","_parent":{"__id__":27},"_components":[{"__type__":"cc.Label","node":{"__id__":29},"_materials":[{"__uuid__":"ecpdLyjvZBwrvm+cedCcQy"}],"_useOriginalSize":false,"_string":"Store Area","_N$string":"Store Area","_fontSize":30,"_lineHeight":30,"_N$horizontalAlign":1,"_N$verticalAlign":1,"_N$overflow":2},{"__type__":"cc.Widget","node":{"__id__":29},"_alignFlags":18}],"_opacity":186,"_contentSize":{"__type__":"cc.Size","width":120,"height":45},"_anchorPoint":{"__type__":"cc.Vec2","y":0.5},"_trs":{"__type__":"TypedArray","ctor":"Float64Array","array":[-60,-35,0,0,0,0,1,1,1,1]}},{"__type__":"cc.Node","_name":"op-node","_parent":{"__id__":27},"_children":[{"__id__":31},{"__id__":32}],"_active":false,"_components":[{"__type__":"cc.Sprite","node":{"__id__":30},"_materials":[{"__uuid__":"ecpdLyjvZBwrvm+cedCcQy"}],"_spriteFrame":{"__uuid__":"a2MjXRFdtLlYQ5ouAFv/+R"},"_sizeMode":0},{"__type__":"cc.Widget","node":{"__id__":30},"_alignFlags":18}],"_prefab":{"__type__":"cc.PrefabInfo","root":{"__id__":30},"asset":{"__uuid__":"29qTDqluRHaadGO0hEh03U"},"fileId":"09FcvMXxdARKvSMiL1xpJl"},"_color":{"__type__":"cc.Color"},"_contentSize":{"__type__":"cc.Size","width":100,"height":100},"_trs":{"__type__":"TypedArray","ctor":"Float64Array","array":[0,-35,0,0,0,0,1,0.45,0.45,1]}},{"__type__":"cc.Node","_name":"bg","_parent":{"__id__":30},"_components":[{"__type__":"cc.Sprite","node":{"__id__":31},"_materials":[{"__uuid__":"ecpdLyjvZBwrvm+cedCcQy"}],"_spriteFrame":{"__uuid__":"a2MjXRFdtLlYQ5ouAFv/+R"},"_sizeMode":0},{"__type__":"cc.Widget","node":{"__id__":31},"_alignFlags":45,"_left":3,"_right":3,"_top":3,"_bottom":3,"_originalWidth":100,"_originalHeight":100}],"_prefab":{"__type__":"cc.PrefabInfo","root":{"__id__":30},"asset":{"__uuid__":"29qTDqluRHaadGO0hEh03U"},"fileId":"b7E77l18dFjIlSFY/404Lo"},"_color":{"__type__":"cc.Color","r":185,"g":89,"b":21},"_contentSize":{"__type__":"cc.Size","width":94,"height":94},"_trs":{"__type__":"TypedArray","ctor":"Float64Array","array":[0,0,0,0,0,0,1,1,1,1]}},{"__type__":"cc.Node","_name":"op-label","_parent":{"__id__":30},"_components":[{"__type__":"cc.Label","node":{"__id__":32},"_materials":[{"__uuid__":"ecpdLyjvZBwrvm+cedCcQy"}],"_useOriginalSize":false,"_string":"x 100","_N$string":"x 100","_fontSize":35,"_lineHeight":35,"_N$horizontalAlign":1,"_N$verticalAlign":1,"_N$overflow":2},{"__type__":"cc.Widget","node":{"__id__":32},"_alignFlags":18}],"_prefab":{"__type__":"cc.PrefabInfo","root":{"__id__":30},"asset":{"__uuid__":"29qTDqluRHaadGO0hEh03U"},"fileId":"209Ucf1HhJGYygRT66p6Zp"},"_color":{"__type__":"cc.Color"},"_contentSize":{"__type__":"cc.Size","width":90,"height":90},"_trs":{"__type__":"TypedArray","ctor":"Float64Array","array":[0,0,0,0,0,0,1,1,1,1]}},{"__type__":"cc.Node","_name":"discard-area","_parent":{"__id__":16},"_children":[{"__id__":34},{"__id__":35}],"_components":[{"__type__":"cc.Sprite","node":{"__id__":33},"_materials":[{"__uuid__":"ecpdLyjvZBwrvm+cedCcQy"}],"_spriteFrame":{"__uuid__":"a2MjXRFdtLlYQ5ouAFv/+R"},"_sizeMode":0},{"__type__":"cc.Widget","node":{"__id__":33},"_alignFlags":44,"_originalWidth":100}],"_color":{"__type__":"cc.Color","r":23,"g":64,"b":139},"_contentSize":{"__type__":"cc.Size","width":144,"height":80},"_anchorPoint":{"__type__":"cc.Vec2","x":0.5,"y":1},"_trs":{"__type__":"TypedArray","ctor":"Float64Array","array":[0,-237,0,0,0,0,1,1,1,1]}},{"__type__":"cc.Node","_name":"drop-label","_parent":{"__id__":33},"_components":[{"__type__":"cc.Label","node":{"__id__":34},"_materials":[{"__uuid__":"ecpdLyjvZBwrvm+cedCcQy"}],"_useOriginalSize":false,"_string":"Discarded","_N$string":"Discarded","_fontSize":30,"_lineHeight":30,"_N$horizontalAlign":1,"_N$verticalAlign":1,"_N$overflow":2},{"__type__":"cc.Widget","node":{"__id__":34},"_alignFlags":17,"_top":-5}],"_opacity":100,"_contentSize":{"__type__":"cc.Size","width":120,"height":45},"_anchorPoint":{"__type__":"cc.Vec2","y":0.5},"_trs":{"__type__":"TypedArray","ctor":"Float64Array","array":[-60,-17.5,0,0,0,0,1,1,1,1]}},{"__type__":"cc.Node","_name":"giveup-label","_parent":{"__id__":33},"_components":[{"__id__":36},{"__type__":"cc.Animation","node":{"__id__":35},"_defaultClip":{"__uuid__":"8850D8DiRAQ74zL3f3WPtA"},"_clips":[{"__uuid__":"8850D8DiRAQ74zL3f3WPtA"},{"__uuid__":"634J8Ylg9AKIYiyGRCPySQ"}]},{"__type__":"cc.Widget","node":{"__id__":35},"_alignFlags":20,"_bottom":15}],"_color":{"__type__":"cc.Color","r":253,"g":185,"b":39},"_contentSize":{"__type__":"cc.Size","width":92,"height":30},"_trs":{"__type__":"TypedArray","ctor":"Float64Array","array":[0,-50,0,0,0,0,1,1,1,1]}},{"__type__":"cc.Label","node":{"__id__":35},"_materials":[{"__uuid__":"ecpdLyjvZBwrvm+cedCcQy"}],"_useOriginalSize":false,"_string":"0 / 6","_N$string":"0 / 6","_fontSize":30,"_lineHeight":30,"_N$horizontalAlign":1,"_N$verticalAlign":1,"_N$overflow":2},{"__type__":"cc.Node","_name":"store-area-top-border","_parent":{"__id__":16},"_components":[{"__type__":"cc.Sprite","node":{"__id__":37},"_materials":[{"__uuid__":"ecpdLyjvZBwrvm+cedCcQy"}],"_spriteFrame":{"__uuid__":"a2MjXRFdtLlYQ5ouAFv/+R"},"_sizeMode":0},{"__type__":"cc.Widget","node":{"__id__":37},"_alignFlags":40,"_originalWidth":100}],"_contentSize":{"__type__":"cc.Size","width":144,"height":5},"_trs":{"__type__":"TypedArray","ctor":"Float64Array","array":[0,200,0,0,0,0,1,1,1,1]}},{"__type__":"cc.Node","_name":"store-area-bottom-border","_parent":{"__id__":16},"_components":[{"__type__":"cc.Sprite","node":{"__id__":38},"_materials":[{"__uuid__":"ecpdLyjvZBwrvm+cedCcQy"}],"_spriteFrame":{"__uuid__":"a2MjXRFdtLlYQ5ouAFv/+R"},"_sizeMode":0},{"__type__":"cc.Widget","node":{"__id__":38},"_alignFlags":40,"_originalWidth":100}],"_contentSize":{"__type__":"cc.Size","width":144,"height":5},"_trs":{"__type__":"TypedArray","ctor":"Float64Array","array":[0,128,0,0,0,0,1,1,1,1]}},{"__type__":"cc.Node","_name":"discard-area-top-border","_parent":{"__id__":16},"_components":[{"__type__":"cc.Sprite","node":{"__id__":39},"_materials":[{"__uuid__":"ecpdLyjvZBwrvm+cedCcQy"}],"_spriteFrame":{"__uuid__":"a2MjXRFdtLlYQ5ouAFv/+R"},"_sizeMode":0},{"__type__":"cc.Widget","node":{"__id__":39},"_alignFlags":44,"_bottom":80,"_originalWidth":100}],"_contentSize":{"__type__":"cc.Size","width":144,"height":5},"_trs":{"__type__":"TypedArray","ctor":"Float64Array","array":[0,-234.5,0,0,0,0,1,1,1,1]}},{"__type__":"cc.Node","_name":"discard-area-bottom-border","_parent":{"__id__":16},"_components":[{"__type__":"cc.Sprite","node":{"__id__":40},"_materials":[{"__uuid__":"ecpdLyjvZBwrvm+cedCcQy"}],"_spriteFrame":{"__uuid__":"a2MjXRFdtLlYQ5ouAFv/+R"},"_sizeMode":0},{"__type__":"cc.Widget","node":{"__id__":40},"_alignFlags":44,"_originalWidth":100}],"_contentSize":{"__type__":"cc.Size","width":144,"height":5},"_trs":{"__type__":"TypedArray","ctor":"Float64Array","array":[0,-314.5,0,0,0,0,1,1,1,1]}},{"__type__":"cc.Node","_name":"restartBtn","_parent":{"__id__":5},"_children":[{"__id__":42},{"__id__":44}],"_active":false,"_components":[{"__type__":"cc.Button","node":{"__id__":41},"clickEvents":[{"__type__":"cc.ClickEvent","target":{"__id__":2},"_componentId":"a4b4b8M9EdHf6JpipdFeT8k","handler":"onRestart"}],"_N$transition":2,"transition":2,"_N$normalColor":{"__type__":"cc.Color","r":230,"g":230,"b":230},"_N$pressedColor":{"__type__":"cc.Color","r":200,"g":200,"b":200},"pressedColor":{"__type__":"cc.Color","r":200,"g":200,"b":200},"_N$disabledColor":{"__type__":"cc.Color","r":120,"g":120,"b":120,"a":200},"_N$normalSprite":{"__uuid__":"f0BIwQ8D5Ml7nTNQbh1YlS"},"_N$pressedSprite":{"__uuid__":"e97GVMl6JHh5Ml5qEDdSGa"},"pressedSprite":{"__uuid__":"e97GVMl6JHh5Ml5qEDdSGa"},"_N$hoverSprite":{"__uuid__":"f0BIwQ8D5Ml7nTNQbh1YlS"},"hoverSprite":{"__uuid__":"f0BIwQ8D5Ml7nTNQbh1YlS"},"_N$disabledSprite":{"__uuid__":"29FYIk+N1GYaeWH/q1NxQO"},"_N$target":{"__id__":42}},{"__type__":"cc.Widget","node":{"__id__":41},"_alignFlags":18}],"_contentSize":{"__type__":"cc.Size","width":120,"height":80},"_trs":{"__type__":"TypedArray","ctor":"Float64Array","array":[0,0,0,0,0,0,1,1,1,1]}},{"__type__":"cc.Node","_name":"Background","_parent":{"__id__":41},"_children":[{"__id__":43}],"_components":[{"__type__":"cc.Sprite","node":{"__id__":42},"_materials":[{"__uuid__":"ecpdLyjvZBwrvm+cedCcQy"}],"_spriteFrame":{"__uuid__":"f0BIwQ8D5Ml7nTNQbh1YlS"},"_type":1,"_sizeMode":0},{"__type__":"cc.Widget","node":{"__id__":42},"alignMode":0,"_alignFlags":45,"_originalWidth":100,"_originalHeight":40}],"_color":{"__type__":"cc.Color","r":185,"g":89,"b":21},"_contentSize":{"__type__":"cc.Size","width":120,"height":80},"_trs":{"__type__":"TypedArray","ctor":"Float64Array","array":[0,0,0,0,0,0,1,1,1,1]}},{"__type__":"cc.Node","_name":"Label","_parent":{"__id__":42},"_components":[{"__type__":"cc.Label","node":{"__id__":43},"_materials":[{"__uuid__":"ecpdLyjvZBwrvm+cedCcQy"}],"_useOriginalSize":false,"_string":"Restart","_N$string":"Restart","_fontSize":30,"_enableWrapText":false,"_N$horizontalAlign":1,"_N$verticalAlign":1,"_N$overflow":1}],"_color":{"__type__":"cc.Color"},"_contentSize":{"__type__":"cc.Size","width":100,"height":40},"_trs":{"__type__":"TypedArray","ctor":"Float64Array","array":[0,0,0,0,0,0,1,1,1,1]}},{"__type__":"cc.Node","_name":"result-label","_parent":{"__id__":41},"_active":false,"_components":[{"__id__":45},{"__type__":"cc.Widget","node":{"__id__":44},"_alignFlags":20,"_top":148,"_bottom":92},{"__type__":"cc.LabelOutline","node":{"__id__":44},"_width":3}],"_color":{"__type__":"cc.Color","r":201,"g":8,"b":42},"_contentSize":{"__type__":"cc.Size","width":136.11,"height":81.6},"_trs":{"__type__":"TypedArray","ctor":"Float64Array","array":[0,92.8,0,0,0,0,1,1,1,1]}},{"__type__":"cc.Label","node":{"__id__":44},"_materials":[{"__uuid__":"ecpdLyjvZBwrvm+cedCcQy"}],"_useOriginalSize":false,"_string":"Lose","_N$string":"Lose","_fontSize":60,"_lineHeight":60,"_N$horizontalAlign":1,"_N$verticalAlign":1},{"__type__":"cc.Node","_name":"replayBtn","_parent":{"__id__":5},"_children":[{"__id__":47}],"_components":[{"__type__":"cc.Button","node":{"__id__":46},"_normalMaterial":{"__uuid__":"ecpdLyjvZBwrvm+cedCcQy"},"clickEvents":[{"__type__":"cc.ClickEvent","target":{"__id__":2},"_componentId":"a4b4b8M9EdHf6JpipdFeT8k","handler":"onRestart"}],"_N$transition":3,"transition":3,"_N$normalColor":{"__type__":"cc.Color","r":230,"g":230,"b":230},"_N$pressedColor":{"__type__":"cc.Color","r":200,"g":200,"b":200},"pressedColor":{"__type__":"cc.Color","r":200,"g":200,"b":200},"_N$disabledColor":{"__type__":"cc.Color","r":120,"g":120,"b":120,"a":200},"_N$normalSprite":{"__uuid__":"f0BIwQ8D5Ml7nTNQbh1YlS"},"_N$pressedSprite":{"__uuid__":"e97GVMl6JHh5Ml5qEDdSGa"},"pressedSprite":{"__uuid__":"e97GVMl6JHh5Ml5qEDdSGa"},"_N$hoverSprite":{"__uuid__":"f0BIwQ8D5Ml7nTNQbh1YlS"},"hoverSprite":{"__uuid__":"f0BIwQ8D5Ml7nTNQbh1YlS"},"_N$disabledSprite":{"__uuid__":"29FYIk+N1GYaeWH/q1NxQO"},"_N$target":{"__id__":47}},{"__type__":"cc.Widget","node":{"__id__":46},"_alignFlags":33,"_right":120,"_top":20}],"_contentSize":{"__type__":"cc.Size","width":80,"height":80},"_trs":{"__type__":"TypedArray","ctor":"Float64Array","array":[317,257,0,0,0,0,1,1,1,1]}},{"__type__":"cc.Node","_name":"Background","_parent":{"__id__":46},"_components":[{"__type__":"cc.Sprite","node":{"__id__":47},"_materials":[{"__uuid__":"ecpdLyjvZBwrvm+cedCcQy"}],"_spriteFrame":{"__uuid__":"dapm2ZFmxAwpweaWCAJC5/"},"_type":1,"_sizeMode":0},{"__type__":"cc.Widget","node":{"__id__":47},"alignMode":0,"_alignFlags":45,"_originalWidth":100,"_originalHeight":40}],"_color":{"__type__":"cc.Color","r":230,"g":230,"b":230},"_contentSize":{"__type__":"cc.Size","width":80,"height":80},"_trs":{"__type__":"TypedArray","ctor":"Float64Array","array":[0,0,0,0,0,0,1,1,1,1]}},{"__type__":"cc.Node","_name":"soundBtn","_parent":{"__id__":5},"_children":[{"__id__":49}],"_components":[{"__type__":"cc.Button","node":{"__id__":48},"_normalMaterial":{"__uuid__":"ecpdLyjvZBwrvm+cedCcQy"},"clickEvents":[{"__type__":"cc.ClickEvent","target":{"__id__":2},"_componentId":"a4b4b8M9EdHf6JpipdFeT8k","handler":"onSoundSwitch"}],"_N$transition":3,"transition":3,"_N$normalColor":{"__type__":"cc.Color","r":230,"g":230,"b":230},"_N$pressedColor":{"__type__":"cc.Color","r":200,"g":200,"b":200},"pressedColor":{"__type__":"cc.Color","r":200,"g":200,"b":200},"_N$disabledColor":{"__type__":"cc.Color","r":120,"g":120,"b":120,"a":200},"_N$normalSprite":{"__uuid__":"f0BIwQ8D5Ml7nTNQbh1YlS"},"_N$pressedSprite":{"__uuid__":"e97GVMl6JHh5Ml5qEDdSGa"},"pressedSprite":{"__uuid__":"e97GVMl6JHh5Ml5qEDdSGa"},"_N$hoverSprite":{"__uuid__":"f0BIwQ8D5Ml7nTNQbh1YlS"},"hoverSprite":{"__uuid__":"f0BIwQ8D5Ml7nTNQbh1YlS"},"_N$disabledSprite":{"__uuid__":"29FYIk+N1GYaeWH/q1NxQO"},"_N$target":{"__id__":49}},{"__type__":"cc.Widget","node":{"__id__":48},"_alignFlags":33,"_right":20,"_top":20}],"_contentSize":{"__type__":"cc.Size","width":80,"height":80},"_trs":{"__type__":"TypedArray","ctor":"Float64Array","array":[417,257,0,0,0,0,1,1,1,1]}},{"__type__":"cc.Node","_name":"Background","_parent":{"__id__":48},"_components":[{"__type__":"cc.Sprite","node":{"__id__":49},"_materials":[{"__uuid__":"ecpdLyjvZBwrvm+cedCcQy"}],"_spriteFrame":{"__uuid__":"08HJQtFktBR5L9wkTpc/x5"},"_type":1,"_sizeMode":0},{"__type__":"cc.Widget","node":{"__id__":49},"alignMode":0,"_alignFlags":45,"_originalWidth":100,"_originalHeight":40}],"_contentSize":{"__type__":"cc.Size","width":80,"height":80},"_trs":{"__type__":"TypedArray","ctor":"Float64Array","array":[0,0,0,0,0,0,1,1,1,1]}}],{"__type__":"cc.SpriteFrame","content":{"name":"replay-normal","texture":"95kQicRZ1EX45Ip1X/wFo6","rect":[0,0,160,160],"offset":[0,0],"originalSize":[160,160],"capInsets":[0,0,0,0]}},{"__type__":"cc.AudioClip","_name":"cheer","_native":".mp3"},{"__type__":"cc.SpriteFrame","content":{"name":"default_btn_pressed","texture":"b4P/PCArtIdIH38t6mlw8Y","rect":[0,0,40,40],"offset":[0,0],"originalSize":[40,40],"capInsets":[12,12,12,12]}},{"__type__":"cc.AnimationClip","_name":"show-black-mamba","_duration":1.8166666666666667,"curveData":{"props":{"opacity":[{"frame":0,"value":0,"curve":[0.3,0.3,1.0419540229885058,0.2948275862068964]},{"frame":1.8166666666666667,"value":255}]}}},{"__type__":"cc.SpriteFrame","content":{"name":"default_btn_normal","texture":"e8Ueib+qJEhL6mXAHdnwbi","rect":[0,0,40,40],"offset":[0,0],"originalSize":[40,40],"capInsets":[12,12,12,12]}}]