[{"__type__":"cc.SpriteFrame","content":{"name":"kobe-bryant","texture":"0d/xQZX3NCeYsg/2TUas7J","rect":[0,0,202,298],"offset":[0,0],"originalSize":[202,298],"capInsets":[0,0,0,0]}},[{"__type__":"cc.SceneAsset","_name":"logo","scene":{"__id__":1},"asyncLoadAssets":null},{"__type__":"cc.Scene","_name":"New Node","_children":[{"__id__":2}],"_anchorPoint":{"__type__":"cc.Vec2"},"_trs":{"__type__":"TypedArray","ctor":"Float64Array","array":[0,0,0,0,0,0,1,1,1,1]},"autoReleaseAssets":true},{"__type__":"cc.Node","_name":"Canvas","_parent":{"__id__":1},"_children":[{"__id__":3},{"__id__":4},{"__id__":5}],"_components":[{"__type__":"cc.Canvas","node":{"__id__":2}},{"__type__":"88c76T+sBlKlYKglxtC+Ny3","node":{"__id__":2}}],"_contentSize":{"__type__":"cc.Size","width":960,"height":640},"_trs":{"__type__":"TypedArray","ctor":"Float64Array","array":[480,320,0,0,0,0,1,1,1,1]},"_id":"cbqD9UH4RB1YWJnf6FMVmY"},{"__type__":"cc.Node","_name":"Main Camera","_parent":{"__id__":2},"_components":[{"__type__":"cc.Camera","node":{"__id__":3},"_clearFlags":7,"_depth":-1}],"_trs":{"__type__":"TypedArray","ctor":"Float64Array","array":[0,0,360.2665679743265,0,0,0,1,1,1,1]}},{"__type__":"cc.Node","_name":"New Sprite(Splash)","_parent":{"__id__":2},"_components":[{"__type__":"cc.Sprite","node":{"__id__":4},"_materials":[{"__uuid__":"ecpdLyjvZBwrvm+cedCcQy"}],"_spriteFrame":{"__uuid__":"a2MjXRFdtLlYQ5ouAFv/+R"},"_sizeMode":0},{"__type__":"cc.Widget","node":{"__id__":4},"_alignFlags":45,"_originalWidth":100,"_originalHeight":100}],"_color":{"__type__":"cc.Color"},"_contentSize":{"__type__":"cc.Size","width":960,"height":640},"_trs":{"__type__":"TypedArray","ctor":"Float64Array","array":[0,0,0,0,0,0,1,1,1,1]}},{"__type__":"cc.Node","_name":"show-node","_parent":{"__id__":2},"_children":[{"__id__":6},{"__id__":7}],"_components":[{"__type__":"cc.Animation","node":{"__id__":5},"_defaultClip":{"__uuid__":"d68rdd0axK1LMTOJAz87We"},"_clips":[{"__uuid__":"d68rdd0axK1LMTOJAz87We"}],"playOnLoad":true},{"__type__":"cc.Widget","node":{"__id__":5},"_alignFlags":45}],"_contentSize":{"__type__":"cc.Size","width":960,"height":640},"_trs":{"__type__":"TypedArray","ctor":"Float64Array","array":[0,0,0,0,0,0,1,1,1,1]}},{"__type__":"cc.Node","_name":"inHonorLabel","_parent":{"__id__":5},"_components":[{"__type__":"cc.Label","node":{"__id__":6},"_materials":[{"__uuid__":"ecpdLyjvZBwrvm+cedCcQy"}],"_useOriginalSize":false,"_string":"To honor Kobe Bryant","_N$string":"To honor Kobe Bryant","_fontSize":45,"_lineHeight":45,"_N$horizontalAlign":1,"_N$verticalAlign":1},{"__type__":"cc.Widget","node":{"__id__":6},"_target":{"__id__":2},"_alignFlags":20,"_bottom":120}],"_contentSize":{"__type__":"cc.Size","width":435.28,"height":56.7},"_trs":{"__type__":"TypedArray","ctor":"Float64Array","array":[0,-171.65,0,0,0,0,1,1,1,1]}},{"__type__":"cc.Node","_name":"logo","_parent":{"__id__":5},"_components":[{"__type__":"cc.Sprite","node":{"__id__":7},"_materials":[{"__uuid__":"ecpdLyjvZBwrvm+cedCcQy"}],"_spriteFrame":{"__uuid__":"1bX0x9JUNFyauLUZpp58Nb"}},{"__type__":"cc.Widget","node":{"__id__":7},"_target":{"__id__":2},"_alignFlags":20,"_bottom":200}],"_contentSize":{"__type__":"cc.Size","width":403,"height":595},"_trs":{"__type__":"TypedArray","ctor":"Float64Array","array":[0,88.25,0,0,0,0,1,0.7,0.7,0.7]}}],{"__type__":"cc.SpriteFrame","content":{"name":"default_sprite_splash","texture":"02delMVqdBD70a/HSD99FK","rect":[0,0,2,2],"offset":[0,0],"originalSize":[2,2],"capInsets":[0,0,0,0]}},{"__type__":"cc.AnimationClip","_name":"show-in-honor","_duration":2.6666666666666665,"curveData":{"props":{"opacity":[{"frame":0,"value":0,"curve":[0.6168202764976959,-0.11474654377880178,0.33997695852534565,0.9937788018433179]},{"frame":1,"value":255,"curve":[0.3,0.3,1.1118663594470046,0.466705069124424]},{"frame":2,"value":255},{"frame":2.6666666666666665,"value":0}]}}}]